{"ACC": 0.997, "DDR": 0.8920586636340337, "DDP": 0.888055405722262, "DDF1": 0.8862359827661974, "GM": 0.9243636922721007}